<?xml version="1.0" encoding="UTF-8"?>
<metadata xml:lang="en"><Esri><CreaDate>20130226</CreaDate><CreaTime>14121900</CreaTime><ArcGISFormat>1.0</ArcGISFormat><SyncOnce>TRUE</SyncOnce><DataProperties><itemProps><itemLocation><linkage Sync="TRUE">file://\\storageserver1.ads.carleton.edu\GISVOL\GIS\Projects\Boston_Aaron\Lab\Census1970</linkage><protocol Sync="TRUE">Local Area Network</protocol></itemLocation></itemProps><copyHistory><copy source="M:\GIS\Projects\Boston_Aaron\BostonData\Census1970" dest="\\storageserver1.ads.carleton.edu\GISVOL\GIS\Projects\Boston_Aaron\Lab\Census1970" date="20130226" time="14121900"></copy></copyHistory><lineage><Process ToolSource="c:\program files\arcgis\desktop10.1\ArcToolbox\Toolboxes\Data Management Tools.tbx\DeleteField" Date="20130226" Time="142517">DeleteField Census1970 TOWNNO;TOWN</Process><Process ToolSource="c:\program files\arcgis\desktop10.1\ArcToolbox\Toolboxes\Data Management Tools.tbx\CalculateField" Date="20130228" Time="115842">CalculateField Census1970 Tracts "!TRACT_1! * 1" PYTHON_9.3 #</Process></lineage></DataProperties></Esri></metadata>
