<?xml version="1.0"?>
<metadata xml:lang="en">
	<Esri>
		<CreaDate>20130226</CreaDate>
		<CreaTime>14123300</CreaTime>
		<SyncOnce>FALSE</SyncOnce>
		<SyncDate>20110627</SyncDate>
		<SyncTime>12000900</SyncTime>
		<ModDate>20110627</ModDate>
		<ModTime>12000900</ModTime>
		<DataProperties><itemProps><itemName Sync="TRUE">HYDRONET_RTE_SARISRT</itemName><imsContentType Sync="TRUE">002</imsContentType><itemLocation><linkage Sync="TRUE">file://\\storageserver1.ads.carleton.edu\GISVOL\GIS\Projects\Boston_Aaron\Lab\CharlesRiver</linkage><protocol Sync="TRUE">Local Area Network</protocol></itemLocation><itemSize Sync="TRUE">0.000</itemSize></itemProps><coordRef><type Sync="TRUE">Projected</type><geogcsn Sync="TRUE">GCS_North_American_1983</geogcsn><projcsn Sync="TRUE">NAD_1983_StatePlane_Massachusetts_Mainland_FIPS_2001</projcsn><peXml Sync="TRUE">&lt;ProjectedCoordinateSystem xsi:type='typens:ProjectedCoordinateSystem' xmlns:xsi='http://www.w3.org/2001/XMLSchema-instance' xmlns:xs='http://www.w3.org/2001/XMLSchema' xmlns:typens='http://www.esri.com/schemas/ArcGIS/10.0'&gt;&lt;WKT&gt;PROJCS[&amp;quot;NAD_1983_StatePlane_Massachusetts_Mainland_FIPS_2001&amp;quot;,GEOGCS[&amp;quot;GCS_North_American_1983&amp;quot;,DATUM[&amp;quot;D_North_American_1983&amp;quot;,SPHEROID[&amp;quot;GRS_1980&amp;quot;,6378137.0,298.257222101]],PRIMEM[&amp;quot;Greenwich&amp;quot;,0.0],UNIT[&amp;quot;Degree&amp;quot;,0.0174532925199433]],PROJECTION[&amp;quot;Lambert_Conformal_Conic&amp;quot;],PARAMETER[&amp;quot;False_Easting&amp;quot;,200000.0],PARAMETER[&amp;quot;False_Northing&amp;quot;,750000.0],PARAMETER[&amp;quot;Central_Meridian&amp;quot;,-71.5],PARAMETER[&amp;quot;Standard_Parallel_1&amp;quot;,41.71666666666667],PARAMETER[&amp;quot;Standard_Parallel_2&amp;quot;,42.68333333333333],PARAMETER[&amp;quot;Latitude_Of_Origin&amp;quot;,41.0],UNIT[&amp;quot;Meter&amp;quot;,1.0],AUTHORITY[&amp;quot;EPSG&amp;quot;,26986]]&lt;/WKT&gt;&lt;XOrigin&gt;-36530900&lt;/XOrigin&gt;&lt;YOrigin&gt;-28803200&lt;/YOrigin&gt;&lt;XYScale&gt;122610652.81195112&lt;/XYScale&gt;&lt;ZOrigin&gt;-100000&lt;/ZOrigin&gt;&lt;ZScale&gt;10000&lt;/ZScale&gt;&lt;MOrigin&gt;-100000&lt;/MOrigin&gt;&lt;MScale&gt;10000&lt;/MScale&gt;&lt;XYTolerance&gt;0.001&lt;/XYTolerance&gt;&lt;ZTolerance&gt;0.001&lt;/ZTolerance&gt;&lt;MTolerance&gt;0.001&lt;/MTolerance&gt;&lt;HighPrecision&gt;true&lt;/HighPrecision&gt;&lt;WKID&gt;26986&lt;/WKID&gt;&lt;/ProjectedCoordinateSystem&gt;</peXml></coordRef><lineage><Process ToolSource="C:\Program Files\ArcGIS\Desktop10.0\ArcToolbox\Toolboxes\Data Management Tools.tbx\CopyFeatures" Date="20110118" Time="163604">CopyFeatures "Database Connections\phoenix_gisdata.sde\GISDATA.HYDRONET_RTE_SARISRT" L:\Vector_GISDATA.gdb\HYDRONET_RTE_SARISRT # 0 0 0</Process><Process ToolSource="C:\Program Files (x86)\ArcGIS\Desktop10.0\ArcToolbox\Toolboxes\Data Management Tools.tbx\ChangePrivileges" Date="20110131" Time="111703">ChangePrivileges 'Database Connections\GISDATA@gisprora1_VT.sde\GISDATA.ACECS_ARC';'Database Connections\GISDATA@gisprora1_VT.sde\GISDATA.ACECS_POLY';'Database Connections\GISDATA@gisprora1_VT.sde\GISDATA.AIRPORTS_PT';'Database Connections\GISDATA@gisprora1_VT.sde\GISDATA.ANADFISH_PT';'Database Connections\GISDATA@gisprora1_VT.sde\GISDATA.AQSOLE_POLY';'Database Connections\GISDATA@gisprora1_VT.sde\GISDATA.AQUEDUCTS_ANNO_DESC';'Database Connections\GISDATA@gisprora1_VT.sde\GISDATA.AQUEDUCTS_ARC';'Database Connections\GISDATA@gisprora1_VT.sde\GISDATA.AQUIFERS_ARC';'Database Connections\GISDATA@gisprora1_VT.sde\GISDATA.AQUIFERS_POLY';'Database Connections\GISDATA@gisprora1_VT.sde\GISDATA.ASSESSPAR_POLY';'Database Connections\GISDATA@gisprora1_VT.sde\GISDATA.ASSESSPAR_POLY_TESTLOAD';'Database Connections\GISDATA@gisprora1_VT.sde\GISDATA.ASSESSPARNC_POLY';'Database Connections\GISDATA@gisprora1_VT.sde\GISDATA.ASSESSPARNC_POLY_PUB_NOROADS';'Database Connections\GISDATA@gisprora1_VT.sde\GISDATA.ASSESSPARNC_POLY_TEST';'Database Connections\GISDATA@gisprora1_VT.sde\GISDATA.ATLNPROV_POLY';'Database Connections\GISDATA@gisprora1_VT.sde\GISDATA.AUL_PT';'Database Connections\GISDATA@gisprora1_VT.sde\GISDATA.BARRIERB_POLY';'Database Connections\GISDATA@gisprora1_VT.sde\GISDATA.BATHYMGM_ANNO_NAME';'Database Connections\GISDATA@gisprora1_VT.sde\GISDATA.BATHYMGM_ARC';'Database Connections\GISDATA@gisprora1_VT.sde\GISDATA.BATHYMGM_POLY';'Database Connections\GISDATA@gisprora1_VT.sde\GISDATA.BEDROCKLITHOLOGY_POLY';'Database Connections\GISDATA@gisprora1_VT.sde\GISDATA.BENCHMARKS_PT';'Database Connections\GISDATA@gisprora1_VT.sde\GISDATA.BIKETRAILS_ARC';'Database Connections\GISDATA@gisprora1_VT.sde\GISDATA.BIOCORE_POLY';'Database Connections\GISDATA@gisprora1_VT.sde\GISDATA.BIOSNL_POLY';'Database Connections\GISDATA@gisprora1_VT.sde\GISDATA.BOUNDARY_ARC';'Database Connections\GISDATA@gisprora1_VT.sde\GISDATA.BOUNDARY_POLY';'Database Connections\GISDATA@gisprora1_VT.sde\GISDATA.BREAKLINES_ARC';'Database Connections\GISDATA@gisprora1_VT.sde\GISDATA.BRKLN2005HARD_ARC';'Database Connections\GISDATA@gisprora1_VT.sde\GISDATA.BRKLN2005SOFT_ARC';'Database Connections\GISDATA@gisprora1_VT.sde\GISDATA.BTHOS250_POLY';'Database Connections\GISDATA@gisprora1_VT.sde\GISDATA.BUGS34_POLY';'Database Connections\GISDATA@gisprora1_VT.sde\GISDATA.BUGS35_POLY';'Database Connections\GISDATA@gisprora1_VT.sde\GISDATA.BUGS36_POLY';'Database Connections\GISDATA@gisprora1_VT.sde\GISDATA.BUGS37_POLY';'Database Connections\GISDATA@gisprora1_VT.sde\GISDATA.BUGS38_POLY';'Database Connections\GISDATA@gisprora1_VT.sde\GISDATA.BUGS39_POLY';'Database Connections\GISDATA@gisprora1_VT.sde\GISDATA.BUGS40_POLY';'Database Connections\GISDATA@gisprora1_VT.sde\GISDATA.BUGS41_POLY';'Database Connections\GISDATA@gisprora1_VT.sde\GISDATA.BUGS44_POLY';'Database Connections\GISDATA@gisprora1_VT.sde\GISDATA.BUGS45_POLY';'Database Connections\GISDATA@gisprora1_VT.sde\GISDATA.BUGS46_POLY';'Database Connections\GISDATA@gisprora1_VT.sde\GISDATA.BUGS61_POLY';'Database Connections\GISDATA@gisprora1_VT.sde\GISDATA.BUGS62_POLY';'Database Connections\GISDATA@gisprora1_VT.sde\GISDATA.BUGS63_POLY';'Database Connections\GISDATA@gisprora1_VT.sde\GISDATA.BUGS64_POLY';'Database Connections\GISDATA@gisprora1_VT.sde\GISDATA.BUGS65_POLY';'Database Connections\GISDATA@gisprora1_VT.sde\GISDATA.BUGS66_POLY';'Database Connections\GISDATA@gisprora1_VT.sde\GISDATA.BUGS67_POLY';'Database Connections\GISDATA@gisprora1_VT.sde\GISDATA.BUGS68_POLY';'Database Connections\GISDATA@gisprora1_VT.sde\GISDATA.BUGS69_POLY';'Database Connections\GISDATA@gisprora1_VT.sde\GISDATA.BUGS70_POLY';'Database Connections\GISDATA@gisprora1_VT.sde\GISDATA.BUGS71_POLY';'Database Connections\GISDATA@gisprora1_VT.sde\GISDATA.BUGS72_POLY';'Database Connections\GISDATA@gisprora1_VT.sde\GISDATA.BUGS73_POLY';'Database Connections\GISDATA@gisprora1_VT.sde\GISDATA.BUGS74_POLY';'Database Connections\GISDATA@gisprora1_VT.sde\GISDATA.BUGS75_POLY';'Database Connections\GISDATA@gisprora1_VT.sde\GISDATA.BUGS76_POLY';'Database Connections\GISDATA@gisprora1_VT.sde\GISDATA.BUGS77_POLY';'Database Connections\GISDATA@gisprora1_VT.sde\GISDATA.BUGS78_POLY';'Database Connections\GISDATA@gisprora1_VT.sde\GISDATA.BUGS79_POLY';'Database Connections\GISDATA@gisprora1_VT.sde\GISDATA.BUGS80_POLY';'Database Connections\GISDATA@gisprora1_VT.sde\GISDATA.BUGS81_POLY';'Database Connections\GISDATA@gisprora1_VT.sde\GISDATA.BUGS82_POLY';'Database Connections\GISDATA@gisprora1_VT.sde\GISDATA.BUGS83_POLY';'Database Connections\GISDATA@gisprora1_VT.sde\GISDATA.BUGS84_POLY';'Database Connections\GISDATA@gisprora1_VT.sde\GISDATA.BUGS85_POLY';'Database Connections\GISDATA@gisprora1_VT.sde\GISDATA.BUGS86_POLY';'Database Connections\GISDATA@gisprora1_VT.sde\GISDATA.BUGS87_POLY';'Database Connections\GISDATA@gisprora1_VT.sde\GISDATA.BUGS88_POLY';'Database Connections\GISDATA@gisprora1_VT.sde\GISDATA.BUGS89_POLY';'Database Connections\GISDATA@gisprora1_VT.sde\GISDATA.BUGS90_POLY';'Database Connections\GISDATA@gisprora1_VT.sde\GISDATA.BUGS91_POLY';'Database Connections\GISDATA@gisprora1_VT.sde\GISDATA.BUGS92_POLY';'Database Connections\GISDATA@gisprora1_VT.sde\GISDATA.BUGS93_POLY';'Database Connections\GISDATA@gisprora1_VT.sde\GISDATA.BUGS94_POLY';'Database Connections\GISDATA@gisprora1_VT.sde\GISDATA.BUGS95_POLY';'Database Connections\GISDATA@gisprora1_VT.sde\GISDATA.BUGS96_POLY';'Database Connections\GISDATA@gisprora1_VT.sde\GISDATA.BUGS97_POLY';'Database Connections\GISDATA@gisprora1_VT.sde\GISDATA.BUILDINGFP_POLY';'Database Connections\GISDATA@gisprora1_VT.sde\GISDATA.BWPMAJOR_PT';'Database Connections\GISDATA@gisprora1_VT.sde\GISDATA.C21E_PT';'Database Connections\GISDATA@gisprora1_VT.sde\GISDATA.CANOEACCESS_PT';'Database Connections\GISDATA@gisprora1_VT.sde\GISDATA.CANOETRIPS_ARC';'Database Connections\GISDATA@gisprora1_VT.sde\GISDATA.CBRS_ARC';'Database Connections\GISDATA@gisprora1_VT.sde\GISDATA.CBRS_POLY';'Database Connections\GISDATA@gisprora1_VT.sde\GISDATA.CCMMRBND1_POLY';'Database Connections\GISDATA@gisprora1_VT.sde\GISDATA.CEN2000_BG_LEGATTRIB';'Database Connections\GISDATA@gisprora1_VT.sde\GISDATA.CENSUS1990BLOCKGROUPS_POLY';'Database Connections\GISDATA@gisprora1_VT.sde\GISDATA.CENSUS1990BLOCKS_POLY';'Database Connections\GISDATA@gisprora1_VT.sde\GISDATA.CENSUS1990TIGER_ARC';'Database Connections\GISDATA@gisprora1_VT.sde\GISDATA.CENSUS2000BLOCKGROUPS_POLY';'Database Connections\GISDATA@gisprora1_VT.sde\GISDATA.CENSUS2000BLOCKS_POLY';'Database Connections\GISDATA@gisprora1_VT.sde\GISDATA.CENSUS2000TIGER_ARC';'Database Connections\GISDATA@gisprora1_VT.sde\GISDATA.CENSUS2000TIGER_ARC_HYDRO_GEN';'Database Connections\GISDATA@gisprora1_VT.sde\GISDATA.CENSUS2000TIGER_ARC_ROADS_GEN';'Database Connections\GISDATA@gisprora1_VT.sde\GISDATA.CENSUS2000TIGER_ARC_TRAINS_GEN';'Database Connections\GISDATA@gisprora1_VT.sde\GISDATA.CENSUS2000TIGERHYDRO_POLY';'Database Connections\GISDATA@gisprora1_VT.sde\GISDATA.CENSUS2000TOWNS_ARC';'Database Connections\GISDATA@gisprora1_VT.sde\GISDATA.CENSUS2000TOWNS_POLY';'Database Connections\GISDATA@gisprora1_VT.sde\GISDATA.CENSUS2000TOWNS_POLY_WGS84';'Database Connections\GISDATA@gisprora1_VT.sde\GISDATA.CENSUS2000TRACTS_POLY';'Database Connections\GISDATA@gisprora1_VT.sde\GISDATA.CENSUS2000ZCTA_POLY';'Database Connections\GISDATA@gisprora1_VT.sde\GISDATA.CHAP43D';'Database Connections\GISDATA@gisprora1_VT.sde\GISDATA.CHAP43D_20080924';'Database Connections\GISDATA@gisprora1_VT.sde\GISDATA.CHAP43D_20081015';'Database Connections\GISDATA@gisprora1_VT.sde\GISDATA.CHAP43D_20081103';'Database Connections\GISDATA@gisprora1_VT.sde\GISDATA.CHAP43D_20081119';'Database Connections\GISDATA@gisprora1_VT.sde\GISDATA.CHAP43D_20081217';'Database Connections\GISDATA@gisprora1_VT.sde\GISDATA.CHAP43D_20090114';'Database Connections\GISDATA@gisprora1_VT.sde\GISDATA.CHAP43D_20090202';'Database Connections\GISDATA@gisprora1_VT.sde\GISDATA.CHAP43D_20090211';'Database Connections\GISDATA@gisprora1_VT.sde\GISDATA.CHAPTER43D_POLY';'Database Connections\GISDATA@gisprora1_VT.sde\GISDATA.CHAPTER61_POLY';'Database Connections\GISDATA@gisprora1_VT.sde\GISDATA.CHCS_PT';'Database Connections\GISDATA@gisprora1_VT.sde\GISDATA.CHCS_PT_1';'Database Connections\GISDATA@gisprora1_VT.sde\GISDATA.CHNA_ARC';'Database Connections\GISDATA@gisprora1_VT.sde\GISDATA.CHNA_POLY';'Database Connections\GISDATA@gisprora1_VT.sde\GISDATA.CIRINDEX_PT';'Database Connections\GISDATA@gisprora1_VT.sde\GISDATA.COAST25K_ARC';'Database Connections\GISDATA@gisprora1_VT.sde\GISDATA.COAST25K_ARC_NEW';'Database Connections\GISDATA@gisprora1_VT.sde\GISDATA.COAST25K_POLY';'Database Connections\GISDATA@gisprora1_VT.sde\GISDATA.COAST25K_POLY_NEW';'Database Connections\GISDATA@gisprora1_VT.sde\GISDATA.COLLEGES_PT';'Database Connections\GISDATA@gisprora1_VT.sde\GISDATA.CONGRESS103_POLY';'Database Connections\GISDATA@gisprora1_VT.sde\GISDATA.CONGRESS108_ARC';'Database Connections\GISDATA@gisprora1_VT.sde\GISDATA.CONGRESS108_POLY';'Database Connections\GISDATA@gisprora1_VT.sde\GISDATA.CONT_ANNO_TEST';'Database Connections\GISDATA@gisprora1_VT.sde\GISDATA.CONT_ANNO_TEST_MASK';'Database Connections\GISDATA@gisprora1_VT.sde\GISDATA.CONT_ANNO_TEST_MASK_CH';'Database Connections\GISDATA@gisprora1_VT.sde\GISDATA.CONT_ANNO_TEST_MASK_CH2';'Database Connections\GISDATA@gisprora1_VT.sde\GISDATA.CONTOURS250K_ARC';'Database Connections\GISDATA@gisprora1_VT.sde\GISDATA.CONTOURS5K_ANNO_60M';'Database Connections\GISDATA@gisprora1_VT.sde\GISDATA.CONTOURS5K_ANNO_MASK_60M';'Database Connections\GISDATA@gisprora1_VT.sde\GISDATA.CONTOURS5K_ARC';'Database Connections\GISDATA@gisprora1_VT.sde\GISDATA.COQ0809_PR_PTS';'Database Connections\GISDATA@gisprora1_VT.sde\GISDATA.COQ0809_PR_PTS_XY';'Database Connections\GISDATA@gisprora1_VT.sde\GISDATA.COQ0809TILES';'Database Connections\GISDATA@gisprora1_VT.sde\GISDATA.COQ0809TILES_PTS';'Database Connections\GISDATA@gisprora1_VT.sde\GISDATA.COQ2005MASK_POLY';'Database Connections\GISDATA@gisprora1_VT.sde\GISDATA.COQ2008INDEX_POLY';'Database Connections\GISDATA@gisprora1_VT.sde\GISDATA.COQ2008MOSAICS15CM_POLY';'Database Connections\GISDATA@gisprora1_VT.sde\GISDATA.COQ2008MOSAICS15CMND_POLY';'Database Connections\GISDATA@gisprora1_VT.sde\GISDATA.COQ2008MOSAICS30CM_POLY';'Database Connections\GISDATA@gisprora1_VT.sde\GISDATA.COQHMOSAICS_POLY';'Database Connections\GISDATA@gisprora1_VT.sde\GISDATA.COQHMOSAICSCDS_POLY';'Database Connections\GISDATA@gisprora1_VT.sde\GISDATA.COQHMOSAICSDVDS_POLY';'Database Connections\GISDATA@gisprora1_VT.sde\GISDATA.COQMAIN_POLY';'Database Connections\GISDATA@gisprora1_VT.sde\GISDATA.COQMOSAICS2005_POLY';'Database Connections\GISDATA@gisprora1_VT.sde\GISDATA.COQMOSAICSCDS2005_POLY';'Database Connections\GISDATA@gisprora1_VT.sde\GISDATA.COQMOSAICSDVDS2005_POLY';'Database Connections\GISDATA@gisprora1_VT.sde\GISDATA.COUNTIES_ANNO_CNTY';'Database Connections\GISDATA@gisprora1_VT.sde\GISDATA.COUNTIES_ARC';'Database Connections\GISDATA@gisprora1_VT.sde\GISDATA.COUNTIES_POLY';'Database Connections\GISDATA@gisprora1_VT.sde\GISDATA.COUNTIES_POLYM';'Database Connections\GISDATA@gisprora1_VT.sde\GISDATA.COUNTIES_POLYM_GEN';'Database Connections\GISDATA@gisprora1_VT.sde\GISDATA.COUNTIES_POLYM_WGS84';'Database Connections\GISDATA@gisprora1_VT.sde\GISDATA.COUNTYNC_POLY';'Database Connections\GISDATA@gisprora1_VT.sde\GISDATA.CSTZONE_ANNO_NAME';'Database Connections\GISDATA@gisprora1_VT.sde\GISDATA.CSTZONE_POLY';'Database Connections\GISDATA@gisprora1_VT.sde\GISDATA.CTTOWNS_ARC';'Database Connections\GISDATA@gisprora1_VT.sde\GISDATA.CTTOWNS_POLY';'Database Connections\GISDATA@gisprora1_VT.sde\GISDATA.CVP_PT';'Database Connections\GISDATA@gisprora1_VT.sde\GISDATA.CZM_CONTEMP_HIGHWATER';'Database Connections\GISDATA@gisprora1_VT.sde\GISDATA.CZM_CONTEMP_MARSH';'Database Connections\GISDATA@gisprora1_VT.sde\GISDATA.CZM_HISTORIC_HIGHWATER';'Database Connections\GISDATA@gisprora1_VT.sde\GISDATA.CZM_IMAGE_FRAME';'Database Connections\GISDATA@gisprora1_VT.sde\GISDATA.CZM_INFERRED_CONTEMP';'Database Connections\GISDATA@gisprora1_VT.sde\GISDATA.CZM_INFERRED_HISTORIC';'Database Connections\GISDATA@gisprora1_VT.sde\GISDATA.CZM_JURISDICTION';'Database Connections\GISDATA@gisprora1_VT.sde\GISDATA.CZM_LANDLOCK';'Database Connections\GISDATA@gisprora1_VT.sde\GISDATA.CZM_MARSHPERIMETER';'Database Connections\GISDATA@gisprora1_VT.sde\GISDATA.CZM_PUBLICWAY';'Database Connections\GISDATA@gisprora1_VT.sde\GISDATA.CZMSHEET_ANNO_SHEET';'Database Connections\GISDATA@gisprora1_VT.sde\GISDATA.CZMSHEET_POLY';'Database Connections\GISDATA@gisprora1_VT.sde\GISDATA.DCAM_BLDG_20101216';'Database Connections\GISDATA@gisprora1_VT.sde\GISDATA.DCAM_FAC_20101216';'Database Connections\GISDATA@gisprora1_VT.sde\GISDATA.DCAMBLDGS_NON_DCR_PT';'Database Connections\GISDATA@gisprora1_VT.sde\GISDATA.DCAMBLDGS_PT';'Database Connections\GISDATA@gisprora1_VT.sde\GISDATA.DCAMBLDGS_PT_ATT';'Database Connections\GISDATA@gisprora1_VT.sde\GISDATA.DCAMBLDGS_PT_ATT_APPENDED';'Database Connections\GISDATA@gisprora1_VT.sde\GISDATA.DCAMBLDGS_PT_ATT_NO_MOVED';'Database Connections\GISDATA@gisprora1_VT.sde\GISDATA.DCAMBLDGS_PT_ATT_NO_MOVED_FIN';'Database Connections\GISDATA@gisprora1_VT.sde\GISDATA.DCAMBLDGS_PT_ATT_NO_MOVED_TMP';'Database Connections\GISDATA@gisprora1_VT.sde\GISDATA.DCAMBLDGS_PT_ATT_NO_MOVED_TMP2';'Database Connections\GISDATA@gisprora1_VT.sde\GISDATA.DCAMBLDGS_PT_BAK20050202';'Database Connections\GISDATA@gisprora1_VT.sde\GISDATA.DCAMBLDGS_PT_BAK_3_6_06';'Database Connections\GISDATA@gisprora1_VT.sde\GISDATA.DCAMBLDGS_PT_LOC';'Database Connections\GISDATA@gisprora1_VT.sde\GISDATA.DCAMBLDGS_PT_LOC_MOVED';'Database Connections\GISDATA@gisprora1_VT.sde\GISDATA.DCAMBLDGS_PT_MOVED_2';'Database Connections\GISDATA@gisprora1_VT.sde\GISDATA.DCAMBLDGS_PT_MOVED_3';'Database Connections\GISDATA@gisprora1_VT.sde\GISDATA.DCAMPROP_POLY';'Database Connections\GISDATA@gisprora1_VT.sde\GISDATA.DCAMPROP_PT';'Database Connections\GISDATA@gisprora1_VT.sde\GISDATA.DCRPOOLS_PT';'Database Connections\GISDATA@gisprora1_VT.sde\GISDATA.DCSITE98_PT';'Database Connections\GISDATA@gisprora1_VT.sde\GISDATA.DEVZN_POLY';'Database Connections\GISDATA@gisprora1_VT.sde\GISDATA.DFWDISTRICTS_ARC';'Database Connections\GISDATA@gisprora1_VT.sde\GISDATA.DFWDISTRICTS_POLY';'Database Connections\GISDATA@gisprora1_VT.sde\GISDATA.DNBBUSINESS07Q2_PT';'Database Connections\GISDATA@gisprora1_VT.sde\GISDATA.DNBBUSINESS07Q3_PT';'Database Connections\GISDATA@gisprora1_VT.sde\GISDATA.DNBBUSINESS07Q4_PT';'Database Connections\GISDATA@gisprora1_VT.sde\GISDATA.DNBBUSINESS08Q1_PT';'Database Connections\GISDATA@gisprora1_VT.sde\GISDATA.DNBBUSINESS_PUBLIC';'Database Connections\GISDATA@gisprora1_VT.sde\GISDATA.DOWNTOWN_BOSTON_RECT';'Database Connections\GISDATA@gisprora1_VT.sde\GISDATA.DSGA_POLY';'Database Connections\GISDATA@gisprora1_VT.sde\GISDATA.DWMSTATIONS_PT';'Database Connections\GISDATA@gisprora1_VT.sde\GISDATA.DWPRI_POLY';'Database Connections\GISDATA@gisprora1_VT.sde\GISDATA.ECOREGIONS_ARC';'Database Connections\GISDATA@gisprora1_VT.sde\GISDATA.ECOREGIONS_POLY';'Database Connections\GISDATA@gisprora1_VT.sde\GISDATA.EELGRASS1951_POLY';'Database Connections\GISDATA@gisprora1_VT.sde\GISDATA.EELGRASS2006_7_POLY';'Database Connections\GISDATA@gisprora1_VT.sde\GISDATA.EELGRASS_POLY';'Database Connections\GISDATA@gisprora1_VT.sde\GISDATA.EGRASVPT_PT';'Database Connections\GISDATA@gisprora1_VT.sde\GISDATA.EJ_POLY';'Database Connections\GISDATA@gisprora1_VT.sde\GISDATA.ELEMSCHDISTRICTS_POLY';'Database Connections\GISDATA@gisprora1_VT.sde\GISDATA.ELEVATIONS2005MASS_PT';'Database Connections\GISDATA@gisprora1_VT.sde\GISDATA.ELEVATIONS2005MASS_PTZ';'Database Connections\GISDATA@gisprora1_VT.sde\GISDATA.ELEVATIONS_PT';'Database Connections\GISDATA@gisprora1_VT.sde\GISDATA.EOEA_STARBUCKS_PT';'Database Connections\GISDATA@gisprora1_VT.sde\GISDATA.EOEAFAC_PT';'Database Connections\GISDATA@gisprora1_VT.sde\GISDATA.EOTMAJROADS_ARC';'Database Connections\GISDATA@gisprora1_VT.sde\GISDATA.EOTMAJROADS_RTE_MAJOR';'Database Connections\GISDATA@gisprora1_VT.sde\GISDATA.EOTROADS_ARC';'Database Connections\GISDATA@gisprora1_VT.sde\GISDATA.EOTROADS_ARC_2010';'Database Connections\GISDATA@gisprora1_VT.sde\GISDATA.EOTROADS_ARC_20101007';'Database Connections\GISDATA@gisprora1_VT.sde\GISDATA.EOTROADS_GH';'Database Connections\GISDATA@gisprora1_VT.sde\GISDATA.EOTROADS_GH_MAJ';'Database Connections\GISDATA@gisprora1_VT.sde\GISDATA.EOTROADS_GH_MAJ2';'Database Connections\GISDATA@gisprora1_VT.sde\GISDATA.ESTHAB_POLY';'Database Connections\GISDATA@gisprora1_VT.sde\GISDATA.EXITS_PT';'Database Connections\GISDATA@gisprora1_VT.sde\GISDATA.FERRYROUTES_ARC';'Database Connections\GISDATA@gisprora1_VT.sde\GISDATA.FIRESTATIONS_PT_MEMA';'Database Connections\GISDATA@gisprora1_VT.sde\GISDATA.FIRMAOV_POLY';'Database Connections\GISDATA@gisprora1_VT.sde\GISDATA.FISHTRAPS_PT';'Database Connections\GISDATA@gisprora1_VT.sde\GISDATA.FLOOD20060517_POLY';'Database Connections\GISDATA@gisprora1_VT.sde\GISDATA.GAGES94_PT';'Database Connections\GISDATA@gisprora1_VT.sde\GISDATA.GEONAMES_ANNO_HYDRO';'Database Connections\GISDATA@gisprora1_VT.sde\GISDATA.GEONAMES_ANNO_HYPSO';'Database Connections\GISDATA@gisprora1_VT.sde\GISDATA.GEONAMES_ANNO_PLACES';'Database Connections\GISDATA@gisprora1_VT.sde\GISDATA.GEONAMES_LINE_HYDRO';'Database Connections\GISDATA@gisprora1_VT.sde\GISDATA.GEONAMES_LINE_HYPSO';'Database Connections\GISDATA@gisprora1_VT.sde\GISDATA.GEONAMES_PT_HYPSO';'Database Connections\GISDATA@gisprora1_VT.sde\GISDATA.GEONAMES_PT_PLACES';'Database Connections\GISDATA@gisprora1_VT.sde\GISDATA.GRID10K_PT';'Database Connections\GISDATA@gisprora1_VT.sde\GISDATA.GROWTHDISTRICTS_POLY';'Database Connections\GISDATA@gisprora1_VT.sde\GISDATA.GWP_PT';'Database Connections\GISDATA@gisprora1_VT.sde\GISDATA.HIGHWAYS_OOS_ARC';'Database Connections\GISDATA@gisprora1_VT.sde\GISDATA.HLSPREGIONS_ARC';'Database Connections\GISDATA@gisprora1_VT.sde\GISDATA.HLSPREGIONS_POLY';'Database Connections\GISDATA@gisprora1_VT.sde\GISDATA.HOSPITALS_PT';'Database Connections\GISDATA@gisprora1_VT.sde\GISDATA.HOUSE02_ARC';'Database Connections\GISDATA@gisprora1_VT.sde\GISDATA.HOUSE02_POLY';'Database Connections\GISDATA@gisprora1_VT.sde\GISDATA.HOUSE93_ARC';'Database Connections\GISDATA@gisprora1_VT.sde\GISDATA.HOUSE93_POLY';'Database Connections\GISDATA@gisprora1_VT.sde\GISDATA.HYDNET_BUZZ';'Database Connections\GISDATA@gisprora1_VT.sde\GISDATA.HYDRO100K_ARC';'Database Connections\GISDATA@gisprora1_VT.sde\GISDATA.HYDRO100K_POLY';'Database Connections\GISDATA@gisprora1_VT.sde\GISDATA.HYDRO25K_ARC';'Database Connections\GISDATA@gisprora1_VT.sde\GISDATA.HYDRO25K_POLY';'Database Connections\GISDATA@gisprora1_VT.sde\GISDATA.HYDRO25K_SOURCE';'Database Connections\GISDATA@gisprora1_VT.sde\GISDATA.HYDRO_ANNO_LINES';'Database Connections\GISDATA@gisprora1_VT.sde\GISDATA.HYDRO_ANNO_LINES2';'Database Connections\GISDATA@gisprora1_VT.sde\GISDATA.HYDRONET_ARC';'Database Connections\GISDATA@gisprora1_VT.sde\GISDATA.HYDRONET_RTE_SARISRT';'Database Connections\GISDATA@gisprora1_VT.sde\GISDATA.ICERINKS_PT';'Database Connections\GISDATA@gisprora1_VT.sde\GISDATA.IMS_5WATERBODIES';'Database Connections\GISDATA@gisprora1_VT.sde\GISDATA.IMS_MAURBAN';'Database Connections\GISDATA@gisprora1_VT.sde\GISDATA.INFOUSA_PT_2003';'Database Connections\GISDATA@gisprora1_VT.sde\GISDATA.INFOUSA_PT_2005';'Database Connections\GISDATA@gisprora1_VT.sde\GISDATA.INFOUSA_PT_LOSTBUSINESSES';'Database Connections\GISDATA@gisprora1_VT.sde\GISDATA.INFOUSA_PT_NEWBUSINESSES';'Database Connections\GISDATA@gisprora1_VT.sde\GISDATA.INFOUSA_PT_STATICBUSINESSES';'Database Connections\GISDATA@gisprora1_VT.sde\GISDATA.INTERIORFOREST_POLY';'Database Connections\GISDATA@gisprora1_VT.sde\GISDATA.IWPA_POLY';'Database Connections\GISDATA@gisprora1_VT.sde\GISDATA.IWPA_POLY_DISSOLVE';'Database Connections\GISDATA@gisprora1_VT.sde\GISDATA.LA3_PT';'Database Connections\GISDATA@gisprora1_VT.sde\GISDATA.LAKE_POND_OOS_POLY';'Database Connections\GISDATA@gisprora1_VT.sde\GISDATA.LANDUSE2005_POLY';'Database Connections\GISDATA@gisprora1_VT.sde\GISDATA.LANDUSE_POLY';'Database Connections\GISDATA@gisprora1_VT.sde\GISDATA.LANDUSE_POLY_1951';'Database Connections\GISDATA@gisprora1_VT.sde\GISDATA.LANDUSE_POLY_DEV';'Database Connections\GISDATA@gisprora1_VT.sde\GISDATA.LIBRARIES_PT';'Database Connections\GISDATA@gisprora1_VT.sde\GISDATA.LIDAR2KGRID2002_POLY';'Database Connections\GISDATA@gisprora1_VT.sde\GISDATA.LIGHTHOUSES_PT';'Database Connections\GISDATA@gisprora1_VT.sde\GISDATA.LOBHARV_ARC';'Database Connections\GISDATA@gisprora1_VT.sde\GISDATA.LOBHARV_POLY';'Database Connections\GISDATA@gisprora1_VT.sde\GISDATA.LONGDISTTRAILS_ARC';'Database Connections\GISDATA@gisprora1_VT.sde\GISDATA.LONGTERMCARE_PT';'Database Connections\GISDATA@gisprora1_VT.sde\GISDATA.LOWFLREG_POLY';'Database Connections\GISDATA@gisprora1_VT.sde\GISDATA.LUSTAT_ARC';'Database Connections\GISDATA@gisprora1_VT.sde\GISDATA.LUSTAT_POLY';'Database Connections\GISDATA@gisprora1_VT.sde\GISDATA.LWCORE_POLY';'Database Connections\GISDATA@gisprora1_VT.sde\GISDATA.LWCSW_POLY';'Database Connections\GISDATA@gisprora1_VT.sde\GISDATA.MA2000URBBND_POLY';'Database Connections\GISDATA@gisprora1_VT.sde\GISDATA.MA_GAZ';'Database Connections\GISDATA@gisprora1_VT.sde\GISDATA.MA_GAZ_HST';'Database Connections\GISDATA@gisprora1_VT.sde\GISDATA.MA_GAZ_HSZ';'Database Connections\GISDATA@gisprora1_VT.sde\GISDATA.MA_GAZ_LEG';'Database Connections\GISDATA@gisprora1_VT.sde\GISDATA.MA_GAZ_MBTA';'Database Connections\GISDATA@gisprora1_VT.sde\GISDATA.MA_GAZ_TOWNS';'Database Connections\GISDATA@gisprora1_VT.sde\GISDATA.MA_GAZ_TOWNS_DOR';'Database Connections\GISDATA@gisprora1_VT.sde\GISDATA.MA_GAZ_ZIP';'Database Connections\GISDATA@gisprora1_VT.sde\GISDATA.MAJBAS_ANNO_BASIN';'Database Connections\GISDATA@gisprora1_VT.sde\GISDATA.MAJBAS_ARC';'Database Connections\GISDATA@gisprora1_VT.sde\GISDATA.MAJBAS_POLY';'Database Connections\GISDATA@gisprora1_VT.sde\GISDATA.MAJPOND_ANNO_POND';'Database Connections\GISDATA@gisprora1_VT.sde\GISDATA.MAJPOND_POLY';'Database Connections\GISDATA@gisprora1_VT.sde\GISDATA.MAJSTRM_ANNO_STRM';'Database Connections\GISDATA@gisprora1_VT.sde\GISDATA.MAJSTRM_ARC';'Database Connections\GISDATA@gisprora1_VT.sde\GISDATA.MARINEBEACHES_ARC';'Database Connections\GISDATA@gisprora1_VT.sde\GISDATA.MARINEBEACHES_PT';'Database Connections\GISDATA@gisprora1_VT.sde\GISDATA.MASTAT03_093_WHS_COB';'Database Connections\GISDATA@gisprora1_VT.sde\GISDATA.MASTAT03_093_WHS_NOB';'Database Connections\GISDATA@gisprora1_VT.sde\GISDATA.MASTAT03_RPA_Polys_NOB';'Database Connections\GISDATA@gisprora1_VT.sde\GISDATA.MBTA_ARC';'Database Connections\GISDATA@gisprora1_VT.sde\GISDATA.MBTA_NODE';'Database Connections\GISDATA@gisprora1_VT.sde\GISDATA.MBTABUSROUTES_ARC';'Database Connections\GISDATA@gisprora1_VT.sde\GISDATA.MBTABUSSTOPS_PT';'Database Connections\GISDATA@gisprora1_VT.sde\GISDATA.MBTAPARKINGLOTS_PT';'Database Connections\GISDATA@gisprora1_VT.sde\GISDATA.MDCTOWNSMETRO_POLY';'Database Connections\GISDATA@gisprora1_VT.sde\GISDATA.MDCTOWNSWSHED_POLY';'Database Connections\GISDATA@gisprora1_VT.sde\GISDATA.MEGABASINS_ANNO_BASIN';'Database Connections\GISDATA@gisprora1_VT.sde\GISDATA.MEGABASINS_ARC';'Database Connections\GISDATA@gisprora1_VT.sde\GISDATA.MEGABASINS_POLY';'Database Connections\GISDATA@gisprora1_VT.sde\GISDATA.METOWNS_ARC';'Database Connections\GISDATA@gisprora1_VT.sde\GISDATA.METOWNS_POLY';'Database Connections\GISDATA@gisprora1_VT.sde\GISDATA.MHDDISTRICTS_ARC';'Database Connections\GISDATA@gisprora1_VT.sde\GISDATA.MHDDISTRICTS_POLY';'Database Connections\GISDATA@gisprora1_VT.sde\GISDATA.MINLL10_ARC';'Database Connections\GISDATA@gisprora1_VT.sde\GISDATA.MINLL1_ARC';'Database Connections\GISDATA@gisprora1_VT.sde\GISDATA.MSAG_BOUNDARIES_POLYM';'Database Connections\GISDATA@gisprora1_VT.sde\GISDATA.MWRASERVICE_POLY';'Database Connections\GISDATA@gisprora1_VT.sde\GISDATA.NATCOMM_POLY';'Database Connections\GISDATA@gisprora1_VT.sde\GISDATA.NAUTICAL_ANNO_DESC';'Database Connections\GISDATA@gisprora1_VT.sde\GISDATA.NAUTICAL_ARC';'Database Connections\GISDATA@gisprora1_VT.sde\GISDATA.NAVTEQRDS_ARC';'Database Connections\GISDATA@gisprora1_VT.sde\GISDATA.NAVTEQRDS_ARC_INT';'Database Connections\GISDATA@gisprora1_VT.sde\GISDATA.NAVTEQRDS_ARC_OOS';'Database Connections\GISDATA@gisprora1_VT.sde\GISDATA.NAVTEQRDS_ARC_OOS_INT';'Database Connections\GISDATA@gisprora1_VT.sde\GISDATA.NAVTEQRDS_ARC_OOS_STATE';'Database Connections\GISDATA@gisprora1_VT.sde\GISDATA.NAVTEQRDS_ARC_OOS_US';'Database Connections\GISDATA@gisprora1_VT.sde\GISDATA.NAVTEQRDS_ARC_STATE';'Database Connections\GISDATA@gisprora1_VT.sde\GISDATA.NAVTEQRDS_ARC_US';'Database Connections\GISDATA@gisprora1_VT.sde\GISDATA.NE_BIG_CITIES_PT';'Database Connections\GISDATA@gisprora1_VT.sde\GISDATA.NEMASK_ARC';'Database Connections\GISDATA@gisprora1_VT.sde\GISDATA.NEMASK_POLY';'Database Connections\GISDATA@gisprora1_VT.sde\GISDATA.NEMASK_POLY_MASURVEY';'Database Connections\GISDATA@gisprora1_VT.sde\GISDATA.NEMASK_POLY_OLD';'Database Connections\GISDATA@gisprora1_VT.sde\GISDATA.NEWENGLAND_ANNO_STATE';'Database Connections\GISDATA@gisprora1_VT.sde\GISDATA.NEWENGLAND_POLY';'Database Connections\GISDATA@gisprora1_VT.sde\GISDATA.NHTOWNS_ARC';'Database Connections\GISDATA@gisprora1_VT.sde\GISDATA.NHTOWNS_POLY';'Database Connections\GISDATA@gisprora1_VT.sde\GISDATA.NOAA_INDEX_POLY';'Database Connections\GISDATA@gisprora1_VT.sde\GISDATA.NOAAINDEX_REG_CHART';'Database Connections\GISDATA@gisprora1_VT.sde\GISDATA.NPDES_POLY';'Database Connections\GISDATA@gisprora1_VT.sde\GISDATA.NPDWSA_POLY';'Database Connections\GISDATA@gisprora1_VT.sde\GISDATA.NRCSHUC10_POLY';'Database Connections\GISDATA@gisprora1_VT.sde\GISDATA.NRCSHUC12_POLY';'Database Connections\GISDATA@gisprora1_VT.sde\GISDATA.NRCSHUC8_POLY';'Database Connections\GISDATA@gisprora1_VT.sde\GISDATA.NRCSHUC_ANNO';'Database Connections\GISDATA@gisprora1_VT.sde\GISDATA.NRCSHUC_ARC';'Database Connections\GISDATA@gisprora1_VT.sde\GISDATA.NRCSHUC_POLY';'Database Connections\GISDATA@gisprora1_VT.sde\GISDATA.NWI_ARC';'Database Connections\GISDATA@gisprora1_VT.sde\GISDATA.NWI_POLY';'Database Connections\GISDATA@gisprora1_VT.sde\GISDATA.NYTOWNS_ARC';'Database Connections\GISDATA@gisprora1_VT.sde\GISDATA.NYTOWNS_POLY';'Database Connections\GISDATA@gisprora1_VT.sde\GISDATA.OCEANMASK_POLY';'Database Connections\GISDATA@gisprora1_VT.sde\GISDATA.OCEANMASK_POLY_25KCOAST';'Database Connections\GISDATA@gisprora1_VT.sde\GISDATA.OCEANMASK_POLY_MASURVEYCOAST';'Database Connections\GISDATA@gisprora1_VT.sde\GISDATA.OFBA_PT';'Database Connections\GISDATA@gisprora1_VT.sde\GISDATA.OFFSH80K_ARC';'Database Connections\GISDATA@gisprora1_VT.sde\GISDATA.OFFSH80K_POLY';'Database Connections\GISDATA@gisprora1_VT.sde\GISDATA.OPENSPACE_DISS';'Database Connections\GISDATA@gisprora1_VT.sde\GISDATA.OQISLE_POLY';'Database Connections\GISDATA@gisprora1_VT.sde\GISDATA.OQMAIN_POLY';'Database Connections\GISDATA@gisprora1_VT.sde\GISDATA.ORW_POLY';'Database Connections\GISDATA@gisprora1_VT.sde\GISDATA.OUTLINE25K_ARC';'Database Connections\GISDATA@gisprora1_VT.sde\GISDATA.OUTLINE25K_POLY';'Database Connections\GISDATA@gisprora1_VT.sde\GISDATA.OUTLINE_ARC';'Database Connections\GISDATA@gisprora1_VT.sde\GISDATA.OUTLINE_POLY';'Database Connections\GISDATA@gisprora1_VT.sde\GISDATA.PARCELTOWNS_100ACREWIND';'Database Connections\GISDATA@gisprora1_VT.sde\GISDATA.PARKRIDELOTS_PT';'Database Connections\GISDATA@gisprora1_VT.sde\GISDATA.PJ_4TH_BOX';'Database Connections\GISDATA@gisprora1_VT.sde\GISDATA.PJ_FIRST_POINTS';'Database Connections\GISDATA@gisprora1_VT.sde\GISDATA.PJ_FIRST_POINTS_D';'Database Connections\GISDATA@gisprora1_VT.sde\GISDATA.PJ_FIRST_POINTS_D_1';'Database Connections\GISDATA@gisprora1_VT.sde\GISDATA.POLICESTATIONS_PT_MEMA';'Database Connections\GISDATA@gisprora1_VT.sde\GISDATA.PRIHAB_POLY';'Database Connections\GISDATA@gisprora1_VT.sde\GISDATA.PRIMEFOREST_POLY';'Database Connections\GISDATA@gisprora1_VT.sde\GISDATA.PRISONS_PT';'Database Connections\GISDATA@gisprora1_VT.sde\GISDATA.PVP_PT';'Database Connections\GISDATA@gisprora1_VT.sde\GISDATA.PWSDEP_PT';'Database Connections\GISDATA@gisprora1_VT.sde\GISDATA.PWSTERR_POLY';'Database Connections\GISDATA@gisprora1_VT.sde\GISDATA.Q3FLOOD_POLY';'Database Connections\GISDATA@gisprora1_VT.sde\GISDATA.QRBATH_ARC';'Database Connections\GISDATA@gisprora1_VT.sde\GISDATA.QRBATH_POLY';'Database Connections\GISDATA@gisprora1_VT.sde\GISDATA.QUADS_POLY';'Database Connections\GISDATA@gisprora1_VT.sde\GISDATA.QUADS_POLY_REVDATE';'Database Connections\GISDATA@gisprora1_VT.sde\GISDATA.QUADSTICS_PT';'Database Connections\GISDATA@gisprora1_VT.sde\GISDATA.QWWAIRPORT_POLY';'Database Connections\GISDATA@gisprora1_VT.sde\GISDATA.QWWBAS_POLY';'Database Connections\GISDATA@gisprora1_VT.sde\GISDATA.QWWDEMCARE_POLY';'Database Connections\GISDATA@gisprora1_VT.sde\GISDATA.QWWSOILS_POLY';'Database Connections\GISDATA@gisprora1_VT.sde\GISDATA.QWWTOWNBLUE_ARC';'Database Connections\GISDATA@gisprora1_VT.sde\GISDATA.QWWTOWNBLUE_POLY';'Database Connections\GISDATA@gisprora1_VT.sde\GISDATA.QWWTOWNBUFFER_POLY';'Database Connections\GISDATA@gisprora1_VT.sde\GISDATA.QWWTOWNBUFFERD_POLY';'Database Connections\GISDATA@gisprora1_VT.sde\GISDATA.QWWTOWNLANDUSE_ARC';'Database Connections\GISDATA@gisprora1_VT.sde\GISDATA.QWWTOWNLANDUSE_POLY';'Database Connections\GISDATA@gisprora1_VT.sde\GISDATA.QWWTOWNPARCELS_ARC';'Database Connections\GISDATA@gisprora1_VT.sde\GISDATA.QWWTOWNPARCELS_POLY';'Database Connections\GISDATA@gisprora1_VT.sde\GISDATA.REGCZM_POLY';'Database Connections\GISDATA@gisprora1_VT.sde\GISDATA.REGDCR_ARC';'Database Connections\GISDATA@gisprora1_VT.sde\GISDATA.REGDCR_POLY';'Database Connections\GISDATA@gisprora1_VT.sde\GISDATA.REGDEEDS_POLY';'Database Connections\GISDATA@gisprora1_VT.sde\GISDATA.REGDEM_ANNO_REG';'Database Connections\GISDATA@gisprora1_VT.sde\GISDATA.REGDEM_ARC';'Database Connections\GISDATA@gisprora1_VT.sde\GISDATA.REGDEM_POLY';'Database Connections\GISDATA@gisprora1_VT.sde\GISDATA.REGDEP_ANNO_REG';'Database Connections\GISDATA@gisprora1_VT.sde\GISDATA.REGDEP_ARC';'Database Connections\GISDATA@gisprora1_VT.sde\GISDATA.REGDEP_POLY';'Database Connections\GISDATA@gisprora1_VT.sde\GISDATA.REGDPHEP_POLY';'Database Connections\GISDATA@gisprora1_VT.sde\GISDATA.REGDPHEPC_POLY';'Database Connections\GISDATA@gisprora1_VT.sde\GISDATA.REGEMS_ARC';'Database Connections\GISDATA@gisprora1_VT.sde\GISDATA.REGEMS_POLY';'Database Connections\GISDATA@gisprora1_VT.sde\GISDATA.REGEOHHS_ARC';'Database Connections\GISDATA@gisprora1_VT.sde\GISDATA.REGEOHHS_POLY';'Database Connections\GISDATA@gisprora1_VT.sde\GISDATA.REGMEMA_ARC';'Database Connections\GISDATA@gisprora1_VT.sde\GISDATA.REGMEMA_POLY';'Database Connections\GISDATA@gisprora1_VT.sde\GISDATA.REGPRISCR_ALL_POLY';'Database Connections\GISDATA@gisprora1_VT.sde\GISDATA.RITOWNS_ARC';'Database Connections\GISDATA@gisprora1_VT.sde\GISDATA.RITOWNS_POLY';'Database Connections\GISDATA@gisprora1_VT.sde\GISDATA.RIV_STRM_OOS_ARC';'Database Connections\GISDATA@gisprora1_VT.sde\GISDATA.RIVPROTACTBUFF_POLY';'Database Connections\GISDATA@gisprora1_VT.sde\GISDATA.ROADS5K_ARC';'Database Connections\GISDATA@gisprora1_VT.sde\GISDATA.RPABUFF_POLY';'Database Connections\GISDATA@gisprora1_VT.sde\GISDATA.RPAS_ANNO_RPA';'Database Connections\GISDATA@gisprora1_VT.sde\GISDATA.RPAS_POLY';'Database Connections\GISDATA@gisprora1_VT.sde\GISDATA.RTASMBTAHIGH_POLY';'Database Connections\GISDATA@gisprora1_VT.sde\GISDATA.RTASMBTAOTHER_POLY';'Database Connections\GISDATA@gisprora1_VT.sde\GISDATA.RTASMBTASEC_POLY';'Database Connections\GISDATA@gisprora1_VT.sde\GISDATA.RTASNONMBTA_POLY';'Database Connections\GISDATA@gisprora1_VT.sde\GISDATA.RTEMARKERS_PT';'Database Connections\GISDATA@gisprora1_VT.sde\GISDATA.RTMARKERS_PT_EOTMAJOR';'Database Connections\GISDATA@gisprora1_VT.sde\GISDATA.S_BFE';'Database Connections\GISDATA@gisprora1_VT.sde\GISDATA.S_CST_GAGE';'Database Connections\GISDATA@gisprora1_VT.sde\GISDATA.S_CST_TSCT_LN';'Database Connections\GISDATA@gisprora1_VT.sde\GISDATA.S_FIRM_PAN';'Database Connections\GISDATA@gisprora1_VT.sde\GISDATA.S_FLD_HAZ_AR';'Database Connections\GISDATA@gisprora1_VT.sde\GISDATA.S_FLD_HAZ_LN';'Database Connections\GISDATA@gisprora1_VT.sde\GISDATA.S_GEN_STRUCT';'Database Connections\GISDATA@gisprora1_VT.sde\GISDATA.S_LABEL_LD';'Database Connections\GISDATA@gisprora1_VT.sde\GISDATA.S_LABEL_PT';'Database Connections\GISDATA@gisprora1_VT.sde\GISDATA.S_PERM_BMK';'Database Connections\GISDATA@gisprora1_VT.sde\GISDATA.S_XS';'Database Connections\GISDATA@gisprora1_VT.sde\GISDATA.SALTMARSHRSTR_PT';'Database Connections\GISDATA@gisprora1_VT.sde\GISDATA.SANCTUARY_POLY';'Database Connections\GISDATA@gisprora1_VT.sde\GISDATA.SANCTUARY_POLY_OLD';'Database Connections\GISDATA@gisprora1_VT.sde\GISDATA.SCENINV_POLY';'Database Connections\GISDATA@gisprora1_VT.sde\GISDATA.SCHOOLDISTELEM_POLY';'Database Connections\GISDATA@gisprora1_VT.sde\GISDATA.SCHOOLDISTELEM_POLY_WGS84';'Database Connections\GISDATA@gisprora1_VT.sde\GISDATA.SCHOOLDISTHIGH_POLY';'Database Connections\GISDATA@gisprora1_VT.sde\GISDATA.SCHOOLDISTHIGH_POLY_WGS84';'Database Connections\GISDATA@gisprora1_VT.sde\GISDATA.SCHOOLDISTMID_POLY';'Database Connections\GISDATA@gisprora1_VT.sde\GISDATA.SCHOOLDISTMID_POLY_WGS84';'Database Connections\GISDATA@gisprora1_VT.sde\GISDATA.SCHOOLS_PT';'Database Connections\GISDATA@gisprora1_VT.sde\GISDATA.SDETX_TRANS';'Database Connections\GISDATA@gisprora1_VT.sde\GISDATA.SE_RAIL_ALT_ARC';'Database Connections\GISDATA@gisprora1_VT.sde\GISDATA.SE_REGION_POLY';'Database Connections\GISDATA@gisprora1_VT.sde\GISDATA.SEAMASK_POLY';'Database Connections\GISDATA@gisprora1_VT.sde\GISDATA.SEAPORTS_PT';'Database Connections\GISDATA@gisprora1_VT.sde\GISDATA.SENATE02_ARC';'Database Connections\GISDATA@gisprora1_VT.sde\GISDATA.SENATE02_POLY';'Database Connections\GISDATA@gisprora1_VT.sde\GISDATA.SENATE93_ARC';'Database Connections\GISDATA@gisprora1_VT.sde\GISDATA.SENATE93_POLY';'Database Connections\GISDATA@gisprora1_VT.sde\GISDATA.SHADESOFGREEN_POLY_FINAL';'Database Connections\GISDATA@gisprora1_VT.sde\GISDATA.SHADESOFGREEN_POLY_FINALJ';'Database Connections\GISDATA@gisprora1_VT.sde\GISDATA.SHADESOFGREEN_POLY_TEXT';'Database Connections\GISDATA@gisprora1_VT.sde\GISDATA.SHELLFISHSUIT_POLY';'Database Connections\GISDATA@gisprora1_VT.sde\GISDATA.SHLFSHST_PT';'Database Connections\GISDATA@gisprora1_VT.sde\GISDATA.SHORELINES_ARC';'Database Connections\GISDATA@gisprora1_VT.sde\GISDATA.SLOPE_POLY';'Database Connections\GISDATA@gisprora1_VT.sde\GISDATA.SOILINDEX_POLY';'Database Connections\GISDATA@gisprora1_VT.sde\GISDATA.SOILS_POLY';'Database Connections\GISDATA@gisprora1_VT.sde\GISDATA.SOILSPOT_ARC';'Database Connections\GISDATA@gisprora1_VT.sde\GISDATA.SOILSPOT_PT';'Database Connections\GISDATA@gisprora1_VT.sde\GISDATA.SOILSTAT_ARC';'Database Connections\GISDATA@gisprora1_VT.sde\GISDATA.SOILSTAT_POLY';'Database Connections\GISDATA@gisprora1_VT.sde\GISDATA.STATE_LEASE_PTS';'Database Connections\GISDATA@gisprora1_VT.sde\GISDATA.STELLBNK_ARC';'Database Connections\GISDATA@gisprora1_VT.sde\GISDATA.STELLBNK_POLY';'Database Connections\GISDATA@gisprora1_VT.sde\GISDATA.STELLBNK_POLY_NEW';'Database Connections\GISDATA@gisprora1_VT.sde\GISDATA.STELLBNK_POLY_NEW_1ST';'Database Connections\GISDATA@gisprora1_VT.sde\GISDATA.STENVREGIONS_POLY';'Database Connections\GISDATA@gisprora1_VT.sde\GISDATA.STEWARDSHIP_POLY';'Database Connections\GISDATA@gisprora1_VT.sde\GISDATA.SUBBASINS_ARC';'Database Connections\GISDATA@gisprora1_VT.sde\GISDATA.SUBBASINS_POLY';'Database Connections\GISDATA@gisprora1_VT.sde\GISDATA.SUBDIV_POLY';'Database Connections\GISDATA@gisprora1_VT.sde\GISDATA.SURFGEO24K_EPG_POLY';'Database Connections\GISDATA@gisprora1_VT.sde\GISDATA.SURFGEO24K_PG_POLY';'Database Connections\GISDATA@gisprora1_VT.sde\GISDATA.SURFGEO24K_SD_POLY';'Database Connections\GISDATA@gisprora1_VT.sde\GISDATA.SURFGEO24K_TB_POLY';'Database Connections\GISDATA@gisprora1_VT.sde\GISDATA.SURFGEO24KSTATUS_POLY';'Database Connections\GISDATA@gisprora1_VT.sde\GISDATA.SURFGEO250K_POLY';'Database Connections\GISDATA@gisprora1_VT.sde\GISDATA.SW_POLY';'Database Connections\GISDATA@gisprora1_VT.sde\GISDATA.SW_PT';'Database Connections\GISDATA@gisprora1_VT.sde\GISDATA.TITLE5_POLY';'Database Connections\GISDATA@gisprora1_VT.sde\GISDATA.TITLE5_WETLANDS_POLY';'Database Connections\GISDATA@gisprora1_VT.sde\GISDATA.TOLLBOOTHS_PT';'Database Connections\GISDATA@gisprora1_VT.sde\GISDATA.TOWNHALLS_PT_MEMA';'Database Connections\GISDATA@gisprora1_VT.sde\GISDATA.TOWNS_ANNO_BDY';'Database Connections\GISDATA@gisprora1_VT.sde\GISDATA.TOWNS_ANNO_NAME';'Database Connections\GISDATA@gisprora1_VT.sde\GISDATA.TOWNS_ARC';'Database Connections\GISDATA@gisprora1_VT.sde\GISDATA.TOWNS_POLY';'Database Connections\GISDATA@gisprora1_VT.sde\GISDATA.TOWNS_POLYM';'Database Connections\GISDATA@gisprora1_VT.sde\GISDATA.TOWNS_POLYM_GEN';'Database Connections\GISDATA@gisprora1_VT.sde\GISDATA.TOWNS_POLYM_GEN2';'Database Connections\GISDATA@gisprora1_VT.sde\GISDATA.TOWNS_POLYM_GEN_ARC';'Database Connections\GISDATA@gisprora1_VT.sde\GISDATA.TOWNS_POLYM_WGS84';'Database Connections\GISDATA@gisprora1_VT.sde\GISDATA.TOWNS_SCHDISTELEM_POLY_WGS84';'Database Connections\GISDATA@gisprora1_VT.sde\GISDATA.TOWNS_SCHDISTHIGH_POLY_WGS84';'Database Connections\GISDATA@gisprora1_VT.sde\GISDATA.TOWNS_SCHDISTMID_POLY_WGS84';'Database Connections\GISDATA@gisprora1_VT.sde\GISDATA.TRAILS_ARC';'Database Connections\GISDATA@gisprora1_VT.sde\GISDATA.TRAINS_ANNO_COMM';'Database Connections\GISDATA@gisprora1_VT.sde\GISDATA.TRAINS_ANNO_LARGE';'Database Connections\GISDATA@gisprora1_VT.sde\GISDATA.TRAINS_ANNO_LARGE2';'Database Connections\GISDATA@gisprora1_VT.sde\GISDATA.TRAINS_ARC';'Database Connections\GISDATA@gisprora1_VT.sde\GISDATA.TRAINS_NODE';'Database Connections\GISDATA@gisprora1_VT.sde\GISDATA.TRAINS_RTE_TRAIN';'Database Connections\GISDATA@gisprora1_VT.sde\GISDATA.TRANSECTS_ARC';'Database Connections\GISDATA@gisprora1_VT.sde\GISDATA.TRANSECTS_ARC_BTNT';'Database Connections\GISDATA@gisprora1_VT.sde\GISDATA.TRANSLINES_ARC';'Database Connections\GISDATA@gisprora1_VT.sde\GISDATA.USGSGRID_POLY';'Database Connections\GISDATA@gisprora1_VT.sde\GISDATA.UTMGRID_POLY';'Database Connections\GISDATA@gisprora1_VT.sde\GISDATA.UTMPT_PT';'Database Connections\GISDATA@gisprora1_VT.sde\GISDATA.VCCOASTAL_POLY';'Database Connections\GISDATA@gisprora1_VT.sde\GISDATA.VCCOASTALPLAINPOND_POLY';'Database Connections\GISDATA@gisprora1_VT.sde\GISDATA.VCFOREST_POLY';'Database Connections\GISDATA@gisprora1_VT.sde\GISDATA.VCPEATLAND_POLY';'Database Connections\GISDATA@gisprora1_VT.sde\GISDATA.VCPINEBARRENS2_POLY';'Database Connections\GISDATA@gisprora1_VT.sde\GISDATA.VCPINEBARRENS_POLY';'Database Connections\GISDATA@gisprora1_VT.sde\GISDATA.VCRIVERINE_POLY';'Database Connections\GISDATA@gisprora1_VT.sde\GISDATA.VCSANDPLAIN_POLY';'Database Connections\GISDATA@gisprora1_VT.sde\GISDATA.VGRIDSTATE1KM_POLY';'Database Connections\GISDATA@gisprora1_VT.sde\GISDATA.VGRIDSTATE250M_POLY';'Database Connections\GISDATA@gisprora1_VT.sde\GISDATA.VGRIDSTATE500M_POLY';'Database Connections\GISDATA@gisprora1_VT.sde\GISDATA.VTTOWNS_ARC';'Database Connections\GISDATA@gisprora1_VT.sde\GISDATA.VTTOWNS_POLY';'Database Connections\GISDATA@gisprora1_VT.sde\GISDATA.WATERSHEDS_ARC';'Database Connections\GISDATA@gisprora1_VT.sde\GISDATA.WATERSHEDS_POLY';'Database Connections\GISDATA@gisprora1_VT.sde\GISDATA.WATERTAXISTOPS_PT';'Database Connections\GISDATA@gisprora1_VT.sde\GISDATA.WBS2002_ARC';'Database Connections\GISDATA@gisprora1_VT.sde\GISDATA.WBS2002_POLY';'Database Connections\GISDATA@gisprora1_VT.sde\GISDATA.WET_NONINTERP';'Database Connections\GISDATA@gisprora1_VT.sde\GISDATA.WETCHANGE_POLY';'Database Connections\GISDATA@gisprora1_VT.sde\GISDATA.WETLANDSDEP_A_WET';'Database Connections\GISDATA@gisprora1_VT.sde\GISDATA.WETLANDSDEP_ARC';'Database Connections\GISDATA@gisprora1_VT.sde\GISDATA.WETLANDSDEP_POLY';'Database Connections\GISDATA@gisprora1_VT.sde\GISDATA.WINDPOWERGRID50_POLY';'Database Connections\GISDATA@gisprora1_VT.sde\GISDATA.WINDSPEEDGRID200_POLY';'Database Connections\GISDATA@gisprora1_VT.sde\GISDATA.WINDSPEEDGRID250_POLY';'Database Connections\GISDATA@gisprora1_VT.sde\GISDATA.WMSTOWN_BIG_POLY';'Database Connections\GISDATA@gisprora1_VT.sde\GISDATA.WQMSTAT_PT';'Database Connections\GISDATA@gisprora1_VT.sde\GISDATA.ZIPCODES_POLY';'Database Connections\GISDATA@gisprora1_VT.sde\GISDATA.ZIPCODES_POLY_ARCGIS82';'Database Connections\GISDATA@gisprora1_VT.sde\GISDATA.ZIPCODES_POLY_ARCGIS90';'Database Connections\GISDATA@gisprora1_VT.sde\GISDATA.ZIPCODES_POLY_ARCGIS92';'Database Connections\GISDATA@gisprora1_VT.sde\GISDATA.ZIPCODES_POLY_ARCGIS92_UPD07';'Database Connections\GISDATA@gisprora1_VT.sde\GISDATA.ZONE1_POLY';'Database Connections\GISDATA@gisprora1_VT.sde\GISDATA.ZONE1_POLY_DISSOLVE';'Database Connections\GISDATA@gisprora1_VT.sde\GISDATA.ZONE2_POLY';'Database Connections\GISDATA@gisprora1_VT.sde\GISDATA.ZONE2_POLY_DISSOLVE';'Database Connections\GISDATA@gisprora1_VT.sde\GISDATA.ZONING_POLY';'Database Connections\GISDATA@gisprora1_VT.sde\GISDATA.ZONINGOV_POLY' login GRANT #</Process><Process ToolSource="C:\Program Files\ArcGIS\Desktop10.0\ArcToolbox\Toolboxes\Data Management Tools.tbx\CopyFeatures" Date="20110627" Time="120013">CopyFeatures "Database Connections\MassGIS_VT_DirectConnect.sde\GISDATA.HYDRONET_RTE_SARISRT" C:\TEMP\exes\HYDRONET_RTE_SARISRT.shp # 0 0 0</Process></lineage><copyHistory><copy source="M:\GIS\Projects\Boston_Aaron\BostonData\CharlesRiver" dest="\\storageserver1.ads.carleton.edu\GISVOL\GIS\Projects\Boston_Aaron\Lab\CharlesRiver" date="20130226" time="14123300"></copy></copyHistory></DataProperties><ArcGISFormat>1.0</ArcGISFormat></Esri>
	<idinfo>
		<native Sync="TRUE">Microsoft Windows XP Version 5.1 (Build 2600) Service Pack 2; ESRI ArcCatalog 9.3.1.3000</native>
		<descript>
			<langdata Sync="TRUE">en</langdata>
			<abstract>REQUIRED: A brief narrative summary of the data set.</abstract>
			<purpose>Planning and analysis</purpose>
		</descript>
		<citation>
			<citeinfo>
				<origin>MassGIS</origin>
				<pubdate>REQUIRED: The date when the data set is published or otherwise made available for release.</pubdate>
				<ftname Sync="TRUE">GISDATA.HYDRONET_RTE_SARISRT</ftname>
				<geoform Sync="TRUE">vector digital data</geoform>
				<onlink Sync="TRUE">Server=sun420; Service=esri_sde; User=gisdata; Version=SDE.DEFAULT</onlink>
				<title>Networked Hydro Centerlines</title>
			</citeinfo>
		</citation>
		<timeperd>
			<current>publication date</current>
			<timeinfo>
				<sngdate>
					<caldate>REQUIRED: The year (and optionally month, or month and day) for which the data set corresponds to the ground.</caldate>
				</sngdate>
			</timeinfo>
		</timeperd>
		<status>
			<progress>Complete</progress>
			<update>As needed</update>
		</status>
		<spdom>
			<bounding>
				<westbc Sync="TRUE">-73.521618</westbc>
				<eastbc Sync="TRUE">-70.518887</eastbc>
				<northbc Sync="TRUE">42.887650</northbc>
				<southbc Sync="TRUE">41.611815</southbc>
			</bounding>
			<lboundng>
				<leftbc Sync="TRUE">34818.360000</leftbc>
				<rightbc Sync="TRUE">280153.000000</rightbc>
				<bottombc Sync="TRUE">819873.310000</bottombc>
				<topbc Sync="TRUE">959669.560000</topbc>
			</lboundng>
		</spdom>
		<keywords>
			<theme>
				<themekt>None</themekt>
				<themekey>rivers streams water hydrography</themekey>
			</theme>
		</keywords>
		<accconst>None</accconst>
		<useconst>None</useconst>
		<natvform Sync="TRUE">SDE Feature Class</natvform>
		<ptcontac>
			<cntinfo>
				<cntorgp>
					<cntper>Michael Trust</cntper>
					<cntorg>EOEA - MassGIS</cntorg>
				</cntorgp>
				<cntpos>Sr. Database Administrator</cntpos>
				<cntaddr>
					<addrtype>mailing address</addrtype>
					<address>251 Causeway Street</address>
					<address>Suite 900</address>
					<city>Boston</city>
					<state>MA</state>
					<postal>02114</postal>
					<country>USA</country>
				</cntaddr>
				<cntvoice>(617) 626-1000</cntvoice>
				<cntfax>(617) 626-1249</cntfax>
				<cntemail>michael.trust@state.ma.us</cntemail>
				<hours>9 AM - 5 PM</hours>
			</cntinfo>
		</ptcontac>
	</idinfo>
	<dataIdInfo>
		<envirDesc Sync="TRUE">Microsoft Windows Server 2008 R2 Version 6.1 (Build 7601) Service Pack 1; ESRI ArcGIS 10.0.2.3200</envirDesc>
		<dataLang>
			<languageCode Sync="TRUE" value="eng" country="USA">
			</languageCode>
		</dataLang>
		<idCitation>
			<resTitle Sync="TRUE">HYDRONET_RTE_SARISRT</resTitle>
			<presForm>
				<PresFormCd Sync="TRUE" value="005">
				</PresFormCd>
			</presForm>
		</idCitation>
		<spatRpType>
			<SpatRepTypCd Sync="TRUE" value="001">
			</SpatRepTypCd>
		</spatRpType>
		<dataExt>
			<geoEle>
				<GeoBndBox esriExtentType="native">
					<westBL Sync="TRUE">34818.36</westBL>
					<eastBL Sync="TRUE">280153</eastBL>
					<northBL Sync="TRUE">959669.56</northBL>
					<southBL Sync="TRUE">819873.31</southBL>
					<exTypeCode Sync="TRUE">1</exTypeCode>
				</GeoBndBox>
			</geoEle>
		</dataExt>
		<geoBox esriExtentType="decdegrees">
			<westBL Sync="TRUE">-73.521618</westBL>
			<eastBL Sync="TRUE">-70.518887</eastBL>
			<northBL Sync="TRUE">42.88765</northBL>
			<southBL Sync="TRUE">41.611815</southBL>
			<exTypeCode Sync="TRUE">1</exTypeCode>
		</geoBox>
		<descKeys><thesaName uuidref="723f6998-058e-11dc-8314-0800200c9a66"></thesaName><keyword Sync="TRUE">002</keyword></descKeys></dataIdInfo>
	<metainfo>
		<langmeta Sync="TRUE">en</langmeta>
		<metstdn Sync="TRUE">FGDC Content Standards for Digital Geospatial Metadata</metstdn>
		<metstdv Sync="TRUE">FGDC-STD-001-1998</metstdv>
		<mettc Sync="TRUE">local time</mettc>
		<metc>
			<cntinfo>
				<cntorgp>
					<cntper>Michael Trust</cntper>
					<cntorg>EOEA - MassGIS</cntorg>
				</cntorgp>
				<cntpos>Sr. Database Administrator</cntpos>
				<cntaddr>
					<addrtype>mailing address</addrtype>
					<address>251 Causeway Street</address>
					<address>Suite 900</address>
					<city>Boston</city>
					<state>MA</state>
					<postal>02114</postal>
					<country>USA</country>
				</cntaddr>
				<cntvoice>(617) 626-1000</cntvoice>
				<cntfax>(617) 626-1249</cntfax>
				<cntemail>michael.trust@state.ma.us</cntemail>
				<hours>9 AM - 5 PM</hours>
			</cntinfo>
		</metc>
		<metd Sync="TRUE">20090722</metd>
		<metextns><onlink>http://www.mass.gov/mgis/watrshed.htm</onlink><metprof>MassGIS Web Documentation</metprof></metextns></metainfo>
	<mdLang>
		<languageCode Sync="TRUE" value="eng">
		</languageCode>
	</mdLang>
	<mdStanName Sync="TRUE">ISO 19115 Geographic Information - Metadata</mdStanName>
	<mdStanVer Sync="TRUE">DIS_ESRI1.0</mdStanVer>
	<mdChar>
		<CharSetCd Sync="TRUE" value="004">
		</CharSetCd>
	</mdChar>
	<mdHrLv>
		<ScopeCd Sync="TRUE" value="005">
		</ScopeCd>
	</mdHrLv>
	<mdHrLvName Sync="TRUE">dataset</mdHrLvName>
	<distinfo>
		<resdesc Sync="TRUE">Downloadable Data</resdesc>
		<distrib>
			<cntinfo>
				<cntorgp>
					<cntper>Michael Trust</cntper>
					<cntorg>EOEA - MassGIS</cntorg>
				</cntorgp>
				<cntpos>Sr. Database Administrator</cntpos>
				<cntaddr>
					<addrtype>mailing address</addrtype>
					<address>251 Causeway Street</address>
					<address>Suite 900</address>
					<city>Boston</city>
					<state>MA</state>
					<postal>02114</postal>
					<country>USA</country>
				</cntaddr>
				<cntvoice>(617) 626-1000</cntvoice>
				<cntfax>(617) 626-1249</cntfax>
				<cntemail>michael.trust@state.ma.us</cntemail>
				<hours>9 AM - 5 PM</hours>
			</cntinfo>
		</distrib>
	</distinfo>
	<distInfo>
		<distributor>
			<distorTran>
				<onLineSrc>
					<orDesc Sync="TRUE">002</orDesc>
					<linkage Sync="TRUE">Server=sun420; Service=esri_sde; User=gisdata; Version=SDE.DEFAULT</linkage>
					<protocol Sync="TRUE">ArcSDE Connection</protocol>
				</onLineSrc>
			</distorTran>
			<distorFormat>
				<formatName Sync="TRUE">SDE Feature Class</formatName>
			</distorFormat>
		</distributor>
		<distFormat><formatName Sync="TRUE">Shapefile</formatName></distFormat><distTranOps><transSize Sync="TRUE">0.000</transSize></distTranOps></distInfo>
	<spdoinfo>
		<direct Sync="TRUE">Vector</direct>
		<ptvctinf><esriterm Name="HYDRONET_RTE_SARISRT"><efeatyp Sync="TRUE">Simple</efeatyp><efeageom Sync="TRUE">3</efeageom><esritopo Sync="TRUE">FALSE</esritopo><efeacnt Sync="TRUE">0</efeacnt><spindex Sync="TRUE">FALSE</spindex><linrefer Sync="TRUE">TRUE</linrefer></esriterm></ptvctinf></spdoinfo>
	<spref>
		<horizsys>
			<cordsysn>
				<geogcsn Sync="TRUE">GCS_North_American_1983</geogcsn>
				<projcsn Sync="TRUE">NAD_1983_StatePlane_Massachusetts_Mainland_FIPS_2001</projcsn>
			</cordsysn>
			<planar>
				<planci>
					<plance Sync="TRUE">coordinate pair</plance>
					<plandu Sync="TRUE">meters</plandu>
					<coordrep>
						<absres Sync="TRUE">0.000156</absres>
						<ordres Sync="TRUE">0.000156</ordres>
					</coordrep>
				</planci>
			</planar>
			<geodetic>
				<horizdn Sync="TRUE">North American Datum of 1983</horizdn>
				<ellips Sync="TRUE">Geodetic Reference System 80</ellips>
				<semiaxis Sync="TRUE">6378137.000000</semiaxis>
				<denflat Sync="TRUE">298.257222</denflat>
			</geodetic>
		</horizsys>
		<vertdef>
			<altsys>
				<altenc Sync="TRUE">Explicit elevation coordinate included with horizontal coordinates</altenc>
				<altres Sync="TRUE">1.000000</altres>
			</altsys>
		</vertdef>
	</spref>
	<refSysInfo>
		<RefSystem>
			<refSysID>
				<identCode Sync="TRUE" code="26986">NAD_1983_StatePlane_Massachusetts_Mainland_FIPS_2001</identCode>
				<idCodeSpace Sync="TRUE">EPSG</idCodeSpace><idVersion Sync="TRUE">7.4.1</idVersion></refSysID>
		</RefSystem>
	</refSysInfo>
	<spatRepInfo>
		<VectSpatRep>
			<topLvl>
				<TopoLevCd Sync="TRUE" value="001">
				</TopoLevCd>
			</topLvl>
			<geometObjs Name="GISDATA.HYDRONET_RTE_SARISRT"><geoObjTyp><GeoObjTypCd Sync="TRUE" value="002"></GeoObjTypCd><geoObjCnt Sync="TRUE">0</geoObjCnt></geoObjTyp><geoObjCnt Sync="TRUE">1799</geoObjCnt></geometObjs></VectSpatRep>
	</spatRepInfo>
	<eainfo>
		<detailed Name="HYDRONET_RTE_SARISRT">
			<attr>
				<attrlabl Sync="TRUE">OBJECTID</attrlabl>
				<attalias Sync="TRUE">OBJECTID</attalias>
				<attrtype Sync="TRUE">Double</attrtype>
				<attwidth Sync="TRUE">10</attwidth>
				<atprecis Sync="TRUE">10</atprecis>
				<attscale Sync="TRUE">0</attscale>
				<attrdef Sync="TRUE">Internal feature number.</attrdef>
				<attrdefs Sync="TRUE">ESRI</attrdefs>
				<attrdomv>
					<udom Sync="TRUE">Sequential unique whole numbers that are automatically generated.</udom>
				</attrdomv>
			</attr>
			<attr><attrlabl Sync="TRUE">FID</attrlabl><attalias Sync="TRUE">FID</attalias><attrtype Sync="TRUE">OID</attrtype><attwidth Sync="TRUE">4</attwidth><atprecis Sync="TRUE">0</atprecis><attscale Sync="TRUE">0</attscale><attrdef Sync="TRUE">Internal feature number.</attrdef><attrdefs Sync="TRUE">ESRI</attrdefs><attrdomv><udom Sync="TRUE">Sequential unique whole numbers that are automatically generated.</udom></attrdomv></attr><attr>
				<attrlabl Sync="TRUE">SHAPE</attrlabl>
				<attalias Sync="TRUE">Shape</attalias>
				<attrtype Sync="TRUE">Geometry</attrtype>
				<attwidth Sync="TRUE">0</attwidth>
				<atprecis Sync="TRUE">0</atprecis>
				<attscale Sync="TRUE">0</attscale>
				<attrdef Sync="TRUE">Feature geometry.</attrdef>
				<attrdefs Sync="TRUE">ESRI</attrdefs>
				<attrdomv>
					<udom Sync="TRUE">Coordinates defining the features.</udom>
				</attrdomv>
			</attr>
			<attr><attrlabl Sync="TRUE">SARISRT_</attrlabl><attalias Sync="TRUE">SARISRT_</attalias><attrtype Sync="TRUE">Double</attrtype><attwidth Sync="TRUE">10</attwidth><atprecis Sync="TRUE">10</atprecis><attscale Sync="TRUE">0</attscale></attr><attr><attrlabl Sync="TRUE">SARISRT_ID</attrlabl><attalias Sync="TRUE">SARISRT_ID</attalias><attrtype Sync="TRUE">Double</attrtype><attwidth Sync="TRUE">10</attwidth><atprecis Sync="TRUE">10</atprecis><attscale Sync="TRUE">0</attscale></attr><attr><attrlabl Sync="TRUE">SARISCODE</attrlabl><attalias Sync="TRUE">SARISCODE</attalias><attrtype Sync="TRUE">Double</attrtype><attwidth Sync="TRUE">19</attwidth><atprecis Sync="TRUE">18</atprecis><attscale Sync="TRUE">8</attscale></attr><attr><attrlabl Sync="TRUE">LENGTH</attrlabl><attalias Sync="TRUE">LENGTH</attalias><attrtype Sync="TRUE">Double</attrtype><attwidth Sync="TRUE">19</attwidth><atprecis Sync="TRUE">18</atprecis><attscale Sync="TRUE">8</attscale></attr><attr><attrlabl Sync="TRUE">SARISNAME</attrlabl><attalias Sync="TRUE">SARISNAME</attalias><attrtype Sync="TRUE">String</attrtype><attwidth Sync="TRUE">30</attwidth><atprecis Sync="TRUE">0</atprecis><attscale Sync="TRUE">0</attscale></attr><enttyp>
				<enttypl Sync="TRUE">HYDRONET_RTE_SARISRT</enttypl>
				<enttypt Sync="TRUE">Feature Class</enttypt>
				<enttypc Sync="TRUE">0</enttypc>
			</enttyp>
			<attr><attrlabl Sync="TRUE">SHAPE_LEN</attrlabl><attalias Sync="TRUE">SHAPE_LEN</attalias><attrtype Sync="TRUE">Double</attrtype><attwidth Sync="TRUE">19</attwidth><atprecis Sync="TRUE">0</atprecis><attscale Sync="TRUE">0</attscale></attr></detailed>
	</eainfo>
	<mdDateSt Sync="TRUE">20110627</mdDateSt>
	<dataqual><lineage><procstep><procdesc Sync="TRUE">Metadata imported.</procdesc><srcused Sync="TRUE">W:\massgis\MgisProjRes\Projects\Metadata_Completed\metadata_template.xml</srcused><date Sync="TRUE">20040506</date><time Sync="TRUE">16250400</time></procstep><procstep><procdesc Sync="TRUE">Dataset copied.</procdesc><srcused Sync="TRUE">Server=sun420; Service=5151; User=gisdata; Version=SDE.DEFAULT</srcused><date Sync="TRUE">20070613</date><time Sync="TRUE">17541200</time></procstep></lineage></dataqual></metadata>
